<?xml version="1.0" encoding="UTF-8"?>
<beans xmlns="http://www.springframework.org/schema/beans"
    xmlns:mvc="http://www.springframework.org/schema/mvc"
    xmlns:contenxt="http://www.springframework.org/schema/context"
    xmlns:xsi="http://www.w3.org/2001/XMLSchema-instance"
    xsi:schemaLocation="
        http://www.springframework.org/schema/beans
        http://www.springframework.org/schema/beans/spring-beans.xsd
        http://www.springframework.org/schema/mvc
        http://www.springframework.org/schema/mvc/spring-mvc.xsd
        http://www.springframework.org/schema/context
        http://www.springframework.org/schema/context/spring-context.xsd">
	
	
	<mvc:annotation-driven/>

	<!-- 扫描Controller所在的包 -->
	<contenxt:component-scan base-package="cn.ssm.controller"/>
	
	<!-- 允许静态资源访问-->
	<mvc:resources mapping="/ssm/static/**" location="/static/"></mvc:resources>

	<!-- 注解驱动 -->
	<mvc:annotation-driven></mvc:annotation-driven>
	
	<!-- 视图解析器:简化在Controller类编写的视图路径 -->
	<bean class="org.springframework.web.servlet.view.InternalResourceViewResolver">
		<!-- 前缀 -->
		<property name="prefix" value="/WEB-INF/jsp/"/>
		<!-- 后缀 -->
		<property name="suffix" value=".jsp"/>
	</bean>

</beans>