<?xml version="1.0" encoding="UTF-8"?>
<!DOCTYPE mapper 
PUBLIC "-//mybatis.org//DTD Mapper 3.0//EN" 
"http://mybatis.org/dtd/mybatis-3-mapper.dtd">
<mapper namespace="cn.ssm.dao.CommentMapper">

	<sql id="tableName">
		comment
	</sql>
	
	<!-- 字段 -->
	<sql id="Field">
		nicheng,
		email,
		comment
	</sql>
	
	<!-- 字段值 -->
	<sql id="FieldValue">
		#{nicheng},
		#{email},
		#{comment}
	</sql>
	
	
	<!-- 插入用户 -->
	<insert id="saveComment" parameterType="cn.ssm.domain.Comment">
		insert into <include refid="tableName"></include> 
		( 
			<include refid="Field"></include> 
		)
		 values
	    (
			<include refid="FieldValue"></include>
		)
	</insert>
	
	<!-- 查询所有数据 -->
	<select id="listComment" resultType="cn.ssm.domain.Comment">
		select
		<include refid="Field"></include> 
		from
		<include refid="tableName"></include>
	</select>
	
	
</mapper>