<?xml version="1.0" encoding="UTF-8"?>
<!DOCTYPE mapper 
PUBLIC "-//mybatis.org//DTD Mapper 3.0//EN" 
"http://mybatis.org/dtd/mybatis-3-mapper.dtd">
<mapper namespace="cn.ssm.dao.ProductMapper">

	<sql id="tableName">
		product
	</sql>
	
	<!-- 字段 -->
	<sql id="Field">
		pid,
		pname,
		price,
		pdesc,
		pshop,
		pimg,
		pdate
	</sql>
	
	<!-- 字段值 -->
	<sql id="FieldValue">
		#{pid},
		#{pname},
		#{price},
		#{pdesc},
		#{pshop},
		#{pimg},
		#{pdate}
	</sql>
	
	
	<!-- 添加商品 -->
	<insert id="saveProduct" parameterType="cn.ssm.domain.Product">
		insert into <include refid="tableName"></include> 
		( 
			<include refid="Field"></include> 
		)
		 values
	    (
			<include refid="FieldValue"></include>
		)
	</insert>
	
	<!-- 修改 -->
	<update id="editProduct" parameterType="cn.ssm.domain.Product">
		update
		<include refid="tableName"></include>
		set 
			pname = #{pname},
			price = #{price},
			pdesc = #{pdesc},
			pdate = #{pdate}
		where 
		pid = #{pid}
	</update>
	
	<!-- 查询所有商品数据 -->
	<select id="listProduct" resultType="cn.ssm.domain.Product">
		select
		<include refid="Field"></include> 
		from
		<include refid="tableName"></include>
	</select>
	
	<!-- 查询所有商品数据 -->
	<select id="search"  parameterType="cn.ssm.domain.Product" resultType="cn.ssm.domain.Product">
		SELECT * FROM product where 1=1
		<if test="pname != null and pname != ''">
			and pname LIKE CONCAT(CONCAT('%', #{pname}),'%')
		</if>
	</select>
	
	<!-- 通过pid获取数据 -->
	<select id="findByPid" parameterType="cn.ssm.domain.Product" resultType="cn.ssm.domain.Product" >
		select 
			<include refid="Field"></include>
		from 
			<include refid="tableName"></include>
		where 
			pid = #{pid}
	</select>
	
	
</mapper>