<?xml version="1.0" encoding="UTF-8"?>
<!DOCTYPE mapper 
PUBLIC "-//mybatis.org//DTD Mapper 3.0//EN" 
"http://mybatis.org/dtd/mybatis-3-mapper.dtd">
<mapper namespace="cn.ssm.dao.UserMapper">

	<sql id="tableName">
		USER
	</sql>
	
	<!-- 字段 -->
	<sql id="Field">
		USER_ID,
		USERNAME,
		PASSWORD,
		NAME,
		PHONE
	</sql>
	
	<!-- 字段值 -->
	<sql id="FieldValue">
		#{user_id},
		#{username},
		#{password},
		#{name},
		#{phone}
	</sql>
	
	<!-- 判断用户名和密码 -->
	<select id="login" parameterType="cn.ssm.domain.User" resultType="cn.ssm.domain.User">
		select <include refid="Field"></include> 
		from
		<include refid="tableName"></include>
		where 1=1
		and USERNAME = #{username} and PASSWORD=#{password}
	</select>
	
	<!-- 插入用户 -->
	<insert id="saveUser" parameterType="cn.ssm.domain.User">
		insert into <include refid="tableName"></include> 
		( 
			<include refid="Field"></include> 
		)
		 values
	    (
			<include refid="FieldValue"></include>
		)
	</insert>
	
	<!-- 通过USERNAME获取数据 -->
	<select id="findByUsername" parameterType="cn.ssm.domain.User" resultType="cn.ssm.domain.User" >
		select 
			<include refid="Field"></include>
		from 
			<include refid="tableName"></include>
		where 
			USERNAME = #{username}
	</select>
</mapper>